USERNAME,RANK,RATING,MAX RATING,TWITTER HANDLE,COUNTRY
tourist,1st,4069,4208,que_tourist, Belarus
Um_nik,2nd,3814,3919,Um_nik96, Russia
yutaka1999,3rd,3724,3724, , Japan
Petr,4th,3714,3714,PetrMitrichev, Russia
w4yneb0t,5th,3710,3802, , Switzerland
LHiC,6th,3672,3720, , Russia
ksun48,7th,3633,3633, , Canada
apiad,8th,3621,3621, , Samoa
cospleermusora,9th,3578,3578, , Russia
semiexp,10th,3513,3520,semiexp, Japan
Egor,11th,3477,3477, , Germany
SpyCheese,12th,3422,3506, , Russia
yosupo,13th,3417,3417,yosupot, Japan
Marcin,14th,3411,3527, , Poland
endagorion,15th,3392,3431,endagorion, Russia
vepifanov,16th,3339,3339, , Russia
XraY,17th,3321,3321, , Russia
jcvb,18th,3310,3407,jcvbcn, China
pashka,19th,3293,3316,pmavrin, Russia
kunyavskiy,20th,3292,3292,kunyavskiy, Russia
dotorya,21st,3285,3285, , Republic of Korea
snuke,22nd,3265,3303,snuke_, Japan
Stonefeang,23rd,3224,3265, , Poland
KujouKaren,24th,3208,3208, , China
sugim48,25th,3206,3319,sugim48, Japan
simonlindholm,26th,3201,3201, , Sweden
DEGwer,27th,3191,3195, , Japan
matthew99,28th,3177,3216,matthew99a, China
dreamoon,29th,3176,3218,dreamoon4, Taiwan
StanislavErshov,30th,3130,3130, , Russia
shik,31st,3125,3130,ShikChen, Taiwan
Merkurev,32nd,3119,3242,O_Merkurev, Russia
sevenkplus,33rd,3110,3208,sevenkplus, China
zemen,34th,3107,3155,jinotega3000, Russia
maryanna2016,35th,3101,3101, , China
Swistakk,36th,3099,3163, , Poland
ainta,37th,3080,3151, , Republic of Korea
Factorio,38th,3077,3134,Factorio, Hong Kong
qwerty787788,39th,3073,3183,qwerty787788, Ukraine
niyaznigmatul,40th,3072,3072, , Russia
koosaga,41st,3071,3079,koosaga, Republic of Korea
sigma425,42nd,3068,3098,sigma425, Japan
WA_TLE,43rd,3064,3064,tle_wa, Japan
Errichto,44th,3061,3061, , Poland
molamola,45th,3058,3094, , Republic of Korea
aid,46th,3045,3121, , Russia
aitch,47th,3041,3041, , Sweden
wxh010910,48th,3037,3037, , China
eatmore,49th,3036,3062, , Russia
miaom,50th,3035,3067, , China
Kostroma,51st,3027,3027, , Russia
TeaPot,52nd,3018,3091, , Russia
ariacas,53rd,3014,3049, , Russia
HellKitsune,54th,3012,3147, , Russia
aaaaajack,54th,3012,3012, , Taiwan
fizzydavid,56th,3005,3005, , China
hogloid,57th,3002,3002,hogloid, Japan
yokozuna57,58th,2990,2990,yokozuna_57, Japan
SanSiroWaltz,59th,2983,3083, , China
Gullesnuffs,60th,2980,3039, , Sweden
ilyakor,61st,2976,3088, , Switzerland
japlj,62nd,2973,3037,japlj, Japan
Reyna,63rd,2966,3121, , Iran
Zlobober,64th,2960,3057, , Russia
liympanda,65th,2959,3028, , China
maroonrk,65th,2959,3018,maroon_kuri, Japan
ACRush,67th,2956,2956, , China
qiaoranliqu,68th,2954,2954, , China
sky58,69th,2952,3127,skyaozora, Japan
izban,70th,2949,2969,iizban, Russia
tozangezan,70th,2949,3022,hoppou_erika, Panama
Rafbill,72nd,2947,2947, , France
asi1024,72nd,2947,2947,asi1024, Japan
kmjp,74th,2943,3050, , Japan
uwi,75th,2941,3142,uwitenpen, Japan
krijgertje,76th,2938,2938, , Netherlands
Benq,77th,2937,2937, , United States of America
Golovanov399,78th,2927,3011,html_sanek, Russia
riadwaw,78th,2927,2999, , Russia
mmaxio,80th,2926,3005, , Russia
voover,81st,2922,3020, , Poland
latte0119,82nd,2921,2922,LatteMalta, Japan
Huziwara,82nd,2921,3099,HziwarA, Japan
chokudai,82nd,2921,2978,chokudai, Japan
cgy4ever,85th,2919,2928, , China
KAN,86th,2917,3034, , Russia
baz93,87th,2915,2915, , Russia
alex20030190,88th,2909,2979, , Hong Kong
Alex_2oo8,89th,2907,3094, , Latvia
LeBron,90th,2905,2986, , Ukraine
yjqqqaq,91st,2903,2903, , China
RomaWhite,92nd,2902,2902, , Ukraine
OMTWOCZWEIXVI,93rd,2894,2894, , China
dbradac,94th,2880,2880, , Croatia
Zero_sharp,95th,2879,2879, , Viet Nam
geniucos,96th,2878,2944, , Romania
khadaev,97th,2876,3002, , Russia
AngryBacon,97th,2876,2876,CenoLiu, China
King_George,99th,2870,2870, , China
kawatea,100th,2869,2940,kawatea03, Japan
tinsane,101st,2857,2857, , Russia
jonathanirvings,102nd,2853,2853,jonathanirvings, Indonesia
Aug-14,103rd,2852,2880, , Republic of Korea
sd0061,104th,2849,2849,sd_invol, China
t1016d,105th,2848,2848, , Taiwan
waltz,106th,2846,2846, , China
IH19980412,107th,2845,2952,HIR180, Japan
Stilwell,108th,2841,2841, , China
nuip,109th,2840,2902, , Japan
tomerun,109th,2840,2874,tomerun, Japan
zhouyuyang,111st,2839,2847, , China
rqgao2014,111st,2839,2839,rqgao2014, China
VArtem,113rd,2837,2837, , Russia
mn3twe,114th,2835,2835, , China
ikatanic,115th,2832,2832,ikatanic, Croatia
fqw,116th,2828,2828, , China
DmitryGrigorev,117th,2827,2827, , Russia
desert97,118th,2825,2931, , United States of America
math,119th,2824,2824,__math, Japan
fateice,120th,2823,2823, , China
kobae964,120th,2823,2823,kobae964, Japan
fjzzq2002,122nd,2822,2822, , China
natsugiri,122nd,2822,2861, , Japan
krismaz,124th,2819,2855, , Poland
E869120,125th,2814,2816,e869120, Japan
KrK,126th,2812,2903,KKusas, Lithuania
Laakeri,127th,2810,2810, , Finland
xyz111,128th,2805,2806, , China
y0105w49,129th,2803,2803, , Canada
majk,130th,2802,2816, , Czech Republic
Deemo,130th,2802,2940, , Iran
USA,132nd,2793,2893, , Georgia
eddy1021,133rd,2790,2879, , Taiwan
atatomir,134th,2787,2800,--, Romania
joisino,134th,2787,2787,joisino_, Japan
mjhun,136th,2778,2778,mjhunicken, Argentina
YMDragon,137th,2769,2769, , China
jerrym,137th,2769,2769, , Australia
johnchen902,139th,2765,2765,johnchen902, Taiwan
zigui,140th,2760,2783,_zigui_, Republic of Korea
rickytheta,141st,2754,2779,rickytheta, Japan
rajat1603,142nd,2750,2750, , India
camypaper,143rd,2749,2749,camypaper, 
l__ZeRo_t,144th,2747,2747, , Equatorial Guinea
zscoder,145th,2741,2850, , Malaysia
wo01,146th,2739,2739,wo_M, Japan
mcfx,147th,2733,2733, , Japan
ildargainull,148th,2729,2809, , Russia
sfiction,148th,2729,2761, , China
Arterm,150th,2720,3160,Jinotega3000, Belarus
VegetableChicken,151st,2713,2713, , China
jiaqiyang,152nd,2711,2711, , China
Vercingetorix,153rd,2708,2708, , Russia
dacin21,154th,2707,2707, , Switzerland
izrak,155th,2705,2705, , Australia
khsoo01,156th,2703,2784, , Republic of Korea
climpet,157th,2699,2699, , Japan
anta,158th,2697,2975,anta_prg, Japan
MrDindows,159th,2696,2732, , Ukraine
yanQval,160th,2688,2688, , China
AwD,160th,2688,2688, , China
dragoon,162nd,2683,2683, , Bangladesh
zerokugi,163rd,2682,2753,zerokugi, Japan
laofu,164th,2677,2677, , China
xellos,165th,2676,2835, , Slovakia
splittinghares,166th,2673,2673, , Canada
Tommyr7,167th,2672,2684, , China
Andrew_Makar,168th,2668,2668, , Ukraine
skydec,169th,2665,2665, , China
logicmachine,170th,2663,2753,logicmachine, Japan
GendelPiekel,171st,2660,2820, , Australia
pwypeanut,172nd,2658,2691, , Singapore
Y_UME,173rd,2656,2656, , China
mareksom,174th,2654,2655, , Poland
lewin,175th,2652,2759, , United States of America
Timur_Sitdikov,176th,2643,2685, , Uzbekistan
abyssmall,177th,2639,2639, , Australia
ftiasch,177th,2639,2828,ftiasch, China
Lepton,179th,2636,2638,Lepton_s, Japan
xllend3,180th,2632,2632, , China
OhWeOnFire,181st,2627,2720, , China
AndreySergunin,182nd,2624,2624, , Russia
goto,183rd,2623,2623,gotoloop1, Japan
guo,184th,2622,2622, , China
tqyaaaaang,185th,2617,2617, , China
wifi,186th,2616,2698, , Indonesia
kraskevich,187th,2615,2615, , Russia
AndreiNet,188th,2613,2643, , Romania
tamionv,189th,2612,2612, , Romania
ccz181078,190th,2611,2611, , China
voidmax,190th,2611,2611, , Russia
yx_lu,192nd,2610,2610, , China
Kaban5,192nd,2610,2654, , Russia
PIandS,194th,2606,2606,PItS_compro, Japan
Ping_Pong,195th,2605,2630, , Russia
gritukan,196th,2601,2631, , Russia
wtw,197th,2600,2615, , China
stilltooyoung,198th,2592,2656, , China
yfzcsc,199th,2591,2591, , China
catupper,199th,2591,2673,catupper, Japan
grumpy_gordon,201st,2589,2589, , Russia
orbitingflea,202nd,2587,2593, , China
fanache99,203rd,2586,2689, , Romania
dy0607,204th,2585,2585, , China
PECaveros,205th,2583,2583, , Taiwan
dnk,206th,2582,2604,dnk_97, Viet Nam
chemthan,207th,2580,2694, , Viet Nam
Miceren,208th,2578,2578,Miceren, China
square1001,209th,2577,2675,square10011, Japan
reew2n,209th,2577,2588,sortreew, Japan
samjia2000,211st,2576,2576, , China
beet,212nd,2575,2575,beet_aizu, Japan
satashun,212nd,2575,2643,satashun, Japan
ir5,214th,2574,2652,ir5, Japan
darinflar,215th,2572,2572, , Russia
xyz2606,216th,2571,2571, , China
Demerzel_IV,217th,2570,2573, , China
palayutm,217th,2570,2580, , China
TangentDay,217th,2570,2570,TangentDay, Japan
teja349,220th,2566,2570, , India
phidnight,221st,2565,2570,phidnight, Japan
FatalEagle,222nd,2563,2663, , Canada
btk15049,222nd,2563,2563,btk15049, Japan
wcz111,224th,2561,2561, , China
ania,224th,2561,2561, , Poland
hirosegolf,226th,2560,2560, , Japan
drafear,227th,2553,2554,drafear, Japan
unused,228th,2549,2549, , Republic of Korea
Belonogov,228th,2549,2678, , Russia
ainu7,230th,2545,2705,ainu7, Republic of Korea
Whalanator,231st,2544,2544, , Australia
alecsyde,232nd,2542,2583, , India
elvina,233rd,2538,2538,I_love_xmaz, Poland
Eliden,234th,2537,2593, , Canada
avolchek,234th,2537,2537, , Belarus
liumh8,236th,2530,2530, , China
Wearry,236th,2530,2530, , China
riantkb,238th,2529,2591,rian_tkb, Japan
ugly2333,239th,2526,2554, , China
dprpavlin,240th,2524,2566, , Russia
gispzjz,241st,2523,2523, , China
Kmcode,241st,2523,2639,, None
s1451900,243rd,2522,2522, , China
tlwpdus,244th,2520,2520, , Republic of Korea
mHuman,245th,2519,2519,-, Ukraine
polequoll,245th,2519,2519, , Republic of Korea
mjy0724,247th,2517,2575, , China
fsouza,248th,2516,2693, , Brazil
gongy,248th,2516,2516, , Australia
Komaki,248th,2516,2624,Komaki__, Japan
Namnamseo,251st,2514,2654,Namnamseo_jpn, Republic of Korea
lsmll,252nd,2512,2512, , China
rowdark,252nd,2512,2512, , China
Tabasz,254th,2510,2510, , Poland
rqy,255th,2509,2509, , China
sasa99,255th,2509,2528, , Iran
tokoharu,257th,2508,2508, , Japan
Aquarius,258th,2506,2506, , Japan
cyz666,259th,2504,2504,cyz666, Japan
Miyukine,259th,2504,2504, , Poland
lastans7,261st,2503,2545, , China
diamond_duke,262nd,2501,2501, , China
vlecomte,262nd,2501,2501, , Belgium
imang,264th,2497,2497, , Iran
missever,265th,2496,2496, , China
mamekin,266th,2493,2581,mamemame_fujita, Japan
jihoon,267th,2492,2492, , Republic of Korea
kdh9949,268th,2491,2491, , Republic of Korea
hoget157,268th,2491,2491,Hoget157, Japan
wzp,270th,2490,2490, , China
goodbaton,270th,2490,2540,goodbaton, Japan
Kurpilyansky,272nd,2489,2489, , Russia
Gassa,272nd,2489,2560, , Russia
subscriber,274th,2485,2485, , Belarus
tos,275th,2481,2544,toslunar, Japan
lis,276th,2480,2480, , China
reality,277th,2479,2479, , Moldova
kimiyuki,277th,2479,2479, , Japan
isaf27,279th,2478,2478,isaf27, Russia
xiper,280th,2476,2476, , China
Wrinx,280th,2476,2506, , Ukraine
kajebiii,282nd,2474,2566, , Republic of Korea
scanhex,282nd,2474,2474, , Russia
WuHongxun,284th,2472,2505, , China
chenmark,284th,2472,2477, , United States of America
alish,286th,2470,2543, , Iran
frank_c1,287th,2469,2508, , China
Speedster,288th,2464,2506, , Kazakhstan
I_love_Hoang_Yen,289th,2463,2489, , Viet Nam
wafrelka,290th,2461,2461,wafrelka, Japan
xzkflowey,291st,2459,2459, , China
JTJL,291st,2459,2574, , Japan
satanic0258,293rd,2458,2458,satanic0258, Japan
savinov,294th,2456,2456, , Russia
MAK_culcul,295th,2454,2464,plummak11, Japan
Wild_Hamster,296th,2452,2452, , Ukraine
guangxuan,297th,2451,2460, , Singapore
funcsr,298th,2449,2489, , China
yuma000,299th,2448,2448, , Japan
swm_sxt,300th,2445,2445, , China
littlesheep,300th,2445,2465, , China
fruwajacybyk,300th,2445,2452, , Poland
pavelsavchenkov,303rd,2442,2450, , Russia
bigINnnner,303rd,2442,2551, , Taiwan
akashdeep,305th,2440,2443, , India
laurageorgescu,306th,2433,2433, , Romania
BudAlNik,307th,2432,2435,budalnik, Russia
pwild,308th,2431,2452, , Germany
ei13333,308th,2431,2498,ei13333, Japan
ryoissy,308th,2431,2456, , Japan
wave,311st,2430,2517, , Czech Republic
Denisson,312nd,2427,2427, , Russia
zhan8822,313rd,2426,2468, , China
mcalancea,314th,2425,2461, , Romania
bobogei81123,314th,2425,2425, , Taiwan
shanquan2,316th,2424,2424, , China
ivan100sic,317th,2423,2423, , Serbia
orzGEOTCBRL,318th,2421,2421, , China
Kronecker,318th,2421,2525, , Russia
kcm1700,318th,2421,2522,algorithmKcm, Republic of Korea
Cyani,321st,2420,2420, , China
yoseisan,322nd,2419,2477, , Moldova
tun,322nd,2419,2419, , China
ESpace,324th,2418,2469, , China
abc123,325th,2412,2412, , Viet Nam
bidzilya,325th,2412,2412, , Russia
linkct,327th,2411,2464, , China
Mikester,327th,2411,2478, , Romania
nobik,327th,2411,2485, , Ukraine
cchao,327th,2411,2433, , Taiwan
pes,327th,2411,2442, , Japan
Victor_Lee,332nd,2407,2407, , China
ats5515,332nd,2407,2441,ats5515, Japan
famafka,334th,2403,2411, , Ukraine
nhho,334th,2403,2403, , Hong Kong
ixmel_rd,334th,2403,2419,mel_fall524, Japan
OnionPringles,337th,2401,2401, , Republic of Korea
joy09272002,338th,2399,2399, , Taiwan
azukun,338th,2399,2444, , Russia
drken,340th,2397,2405,drken1215, Japan
smiken,341st,2393,2393,smiken_61, Japan
Fcdkbear,342nd,2392,2392, , Ukraine
omeometo,342nd,2392,2392,omeometo, Japan
Anson,344th,2390,2390, , China
AcrossTheSky,345th,2389,2389, , China
cyand1317,346th,2386,2386,Pisces000221, China
re_sha,347th,2385,2479,_re_sha_, Japan
leign,347th,2385,2385, , Japan
TusanHomichi,349th,2383,2383, , United States of America
ogiekako,349th,2383,2544,ogiekako, Japan
gasin,351st,2382,2478,_gacin, Japan
enot,352nd,2381,2499, , Russia
Hec,353rd,2379,2503,osrehun, Japan
hamadu,354th,2378,2503,hama_du, Japan
EgorLifar,355th,2376,2447, , Russia
pekempey,355th,2376,2555,pekempey, Japan
sillybee,357th,2375,2375, , China
zhan8855,357th,2375,2375, , China
OrenjiSora,359th,2373,2373, , China
rqgao2014_a,360th,2369,2369,rqgao2014, China
TianXie,360th,2369,2512, , China
Nero,360th,2369,2539, , China
demon1999,363rd,2368,2391, , Russia
azneye,363rd,2368,2368, , Canada
Doju,365th,2366,2485, , Republic of Korea
choikiwon,366th,2363,2403, , Japan
bogdan10bos,367th,2360,2396, , Romania
abeker,368th,2359,2359, , Croatia
creatnx,368th,2359,2457, , Viet Nam
nigus,368th,2359,2381, , Sweden
fwm94,371st,2358,2465, , China
core_wsy700,372nd,2357,2357, , China
SHENZHEBEI,372nd,2357,2549, , China
platypus,374th,2356,2404,platypus999, Japan
AngusRitossa,375th,2355,2384, , Australia
shadowatyy,376th,2352,2352, , Poland
staka,376th,2352,2352, , Japan
tncks0121,376th,2352,2402, , Republic of Korea
cogito,379th,2348,2357, , China
t0urist,380th,2347,2347, , China
Cerberus97,381st,2342,2351, , India
yosss,382nd,2341,2399,yos1up, Japan
hamayanhamayan,383rd,2340,2360,hamayanhamayan0, Japan
zhongzihao,384th,2339,2349, , China
Andreikkaa,384th,2339,2339, , Russia
sokian,386th,2337,2337, , Russia
irkstepanov,386th,2337,2393, , Russia
nikutto,388th,2335,2354,nikutto_, Japan
ShadowLight,389th,2334,2334, , Russia
kyuridenamida,389th,2334,2401,kyuridenamida, Japan
ZhusongLi,391st,2331,2342, , China
negativeb,391st,2331,2331, , United States of America
j_gui0121,391st,2331,2359,nola_suz, Japan
Akigeor,394th,2330,2330, , China
Andrei1998,394th,2330,2434, , Romania
LiTi,396th,2328,2352, , Iran
iehn,396th,2328,2328,arimasenu, Japan
dario2994,396th,2328,2328, , Italy
melnyk,399th,2327,2524, , Ukraine
TimonKnigge,400th,2326,2383, , Netherlands
boba5551,400th,2326,2326, , Serbia
Warden,402nd,2325,2325,xjlinyueru, China
cliu568,403rd,2324,2324, , United States of America
SD_le,403rd,2324,2324, , China
satos,405th,2323,2369,satos___jp, Japan
cuiaoxiang,406th,2322,2339, , China
sahilgrover,406th,2322,2340, , India
ichyo,408th,2321,2528,ichyo, Japan
jufusong,409th,2320,2320, , China
Frost,410th,2319,2319, , China
Magolor,410th,2319,2356, , China
tmwilliamlin168,412nd,2317,2317, , Taiwan
rembocoder,413rd,2316,2316, , Russia
goodqt,413rd,2316,2370, , China
ifsmirnov,415th,2314,2369, , Russia
MathCrusader,416th,2312,2465, , Australia
tossy,416th,2312,2373,310Tossy, Japan
Ra16bit,418th,2309,2309, , Belarus
Kazami,418th,2309,2309, , China
Hoi_koro,420th,2308,2400,Hoi_koroo, Japan
BaKIn,421st,2307,2307, , Georgia
mister,421st,2307,2307, , Singapore
hasi,421st,2307,2401,hasi_t, Japan
tanzaku,424th,2306,2459, , Japan
eudanip,425th,2305,2305, , Romania
Sa1378,426th,2303,2303, , Iran
Fop_zz,427th,2302,2302, , China
cdkrot,428th,2300,2335, , Russia
amylase,429th,2299,2363,pepsin_amylase, Japan
djq_cpp,430th,2298,2298, , China
imaxblue,430th,2298,2298, , Canada
arsijo,430th,2298,2298, , Ukraine
x0000ai,433rd,2297,2378, , Republic of Korea
Xylofo,433rd,2297,2297, , Sweden
ngochai,435th,2295,2406, , Viet Nam
Vegetable,436th,2294,2294, , China
microtony,437th,2292,2376, , Hong Kong
andrewzta,438th,2290,2290, , Russia
darry140,439th,2288,2288, , Taiwan
ffao,439th,2288,2288, , Brazil
jacobtpl,441st,2283,2283, , Singapore
mtsd,441st,2283,2328, , Japan
supy,443rd,2282,2305, , China
matrix,444th,2281,2281, , Iran
Elshiko,444th,2281,2281, , Russia
gazelle,446th,2280,2280,gzlcp, Japan
zhouzhendong,447th,2279,2279, , China
ljt12138,447th,2279,2285,ljt12138, China
dohatsutsu,447th,2279,2465,dohatsutsu, Japan
mulgokizary,450th,2278,2278, , Republic of Korea
zoomswk,450th,2278,2278, , Thailand
Ivlleiooq,452nd,2277,2312, , China
skyline,453rd,2275,2275, , China
dj3500,454th,2272,2291, , Poland
piroz95,454th,2272,2440,p_shiki37, Japan
netman,456th,2271,2370, , Belarus
Akbari,457th,2269,2269, , Iran
radoslav11,457th,2269,2288, , Bulgaria
liouzhou_101,459th,2268,2268, , China
ztzshiwo,460th,2267,2267, , China
teomrn,461st,2266,2266, , Romania
stdcall,461st,2266,2282, , China
noname512,463rd,2264,2264, , China
eha,464th,2263,2270, , Japan
Jatana,465th,2260,2260, , Russia
bekzhan29,465th,2260,2260, , Kazakhstan
EmanuelNrx,467th,2256,2260, , Romania
DOFYPXY,468th,2254,2254, , China
gchebanov,468th,2254,2254, , Russia
akouryy,470th,2253,2433,pyonpyonable, Japan
FoolMike,471st,2252,2252, , China
den,472nd,2250,2250, , Russia
akovski,472nd,2250,2250,akov1001, China
kusano,472nd,2250,2306,kusano_k, Japan
zltttjm,475th,2249,2249, , China
takamoto,476th,2248,2269,takamoto_u, Japan
Hezhu,477th,2243,2243, , China
SYury,478th,2242,2267, , Russia
sankear,479th,2239,2239, , Russia
woqja125,480th,2235,2256, , Republic of Korea
adamant,481st,2234,2234, , Ukraine
functionx,482nd,2233,2233, , Republic of Korea
TankEngineer,483rd,2232,2232,, China
noshi91,484th,2230,2268, , Japan
Filyan,484th,2230,2271, , Russia
koyumeishi,484th,2230,2270,koyumeishi_, Japan
smss,487th,2229,2336, , Iran
scpointer,487th,2229,2229, , China
LiChenKoh,489th,2227,2227, , Singapore
mrMaster,490th,2226,2261, , Iran
cwystc,491st,2225,2225, , China
percywtc,491st,2225,2225, , Hong Kong
Motarack,491st,2225,2370, , Jordan
pachicobue,491st,2225,2276,pachicobue, Japan
xiaowuc1,491st,2225,2225, , United States of America
nwin,491st,2225,2358, , Japan
kjp4155,497th,2223,2223, , Republic of Korea
tloinuy,497th,2223,2255, , United States of America
base64,499th,2220,2325,basemusi, Japan
zkx06111,500th,2219,2219, , China
kazuma,500th,2219,2219, , Japan
potetisensei,500th,2219,2305,kyuridenamida, Japan
ymatsux,500th,2219,2219,ymatsux_puzzle, Japan
zscefn,504th,2218,2229, , Finland
behzad_nouri,505th,2217,2318, , United States of America
Burunduk1,506th,2216,2216, , Russia
zhou888,506th,2216,2216, , China
spencercompton,506th,2216,2360, , United States of America
yaketake08,509th,2214,2277,jken_ull, Japan
retrograd,510th,2211,2267, , Romania
Kuzey,511st,2210,2210, , Iran
Antiforest,511st,2210,2210, , Australia
MMahdi,513rd,2209,2209, , Iran
Alexandr_TS,514th,2207,2238, , Russia
progmatic,515th,2206,2206, , Belarus
AHWHRKY,515th,2206,2206, , China
kouki1223,517th,2204,2306,furuya1223, Japan
Noobgam,518th,2203,2203, , Russia
gigime,518th,2203,2301, , Japan
dragonslayerit,520th,2201,2201, , United States of America
adrianbudau,521st,2200,2242,abudau, Romania
t3cmax,521st,2200,2200, , China
natrium,521st,2200,2226,natrium11321, Japan
bx2k,524th,2199,2199, , China
athin,525th,2198,2265,athin2008, Indonesia
eli,526th,2196,2196, , Russia
tanakh,526th,2196,2406,tanakh, Japan
aryansm,528th,2195,2195, , Iran
heyshb,529th,2194,2194, , China
FMota,530th,2192,2252, , Brazil
Aksenov239,530th,2192,2192, , Russia
amano,530th,2192,2372, , Japan
csy2005,533rd,2190,2190, , China
suiyuan2009,533rd,2190,2224, , China
rsalesc,535th,2189,2280, , Brazil
t90tank,536th,2187,2187, , China
Blue233333,537th,2185,2185, , China
Wuvin,538th,2184,2241, , China
white,539th,2183,2183, , Russia
satyaki3794,539th,2183,2265, , India
jtnydv25,539th,2183,2328, , India
yukim,539th,2183,2187,y_mazun, Japan
Cydiater,543rd,2179,2179, , China
Pasha,543rd,2179,2179, , Russia
Sumeet_Varma,543rd,2179,2179, , India
bk2dcradle,543rd,2179,2211,AnkitSultana, India
atetubou,543rd,2179,2179,atetubou, Japan
dans,548th,2177,2177, , Russia
yylidiw,549th,2176,2176, , China
yamad,549th,2176,2291,DAyamaCTF, Japan
yp155136,551st,2175,2175, , Taiwan
azadi,552nd,2174,2174, , Iran
Yukimai,552nd,2174,2174, , China
monolith,552nd,2174,2233, , Japan
liumy2010,555th,2173,2173, , China
alexpetrescu,555th,2173,2210, , Romania
tanphatls987,555th,2173,2230, , Viet Nam
olphe,555th,2173,2264,_olphe, Japan
khaledkee,559th,2172,2269, , Egypt
spencer,559th,2172,2262, , United States of America
zyding,561st,2168,2168, , China
eitaho,561st,2168,2168,eitaho, Japan
hld67890,563rd,2167,2167, , China
bluestocking,564th,2166,2166, , China
Newnode,565th,2165,2165, , China
vyacheslav,566th,2162,2344, , Russia
maze1230,566th,2162,2162,pazzle1230, Japan
chaemon,566th,2162,2221,chaemon_, Japan
absi2011,569th,2161,2161, , China
AlCash,569th,2161,2161, , Ukraine
fangyoule,571st,2159,2159, , China
cnyali_lk,572nd,2158,2202, , China
qwertier,572nd,2158,2158, , China
glebushka98,572nd,2158,2193, , Russia
beginend,575th,2157,2157, , China
Sampson,575th,2157,2157, , Hong Kong
gilcu3,575th,2157,2157, , Cuba
mayoko,575th,2157,2284,mayoko_, Japan
georgerapeanu,579th,2155,2214, , Romania
liu_runda,580th,2154,2323, , China
dragonic,580th,2154,2154, , Russia
Great_Influence,582nd,2153,2196, , China
Neil,583rd,2151,2151, , Canada
gamelove765,583rd,2151,2151,spark573, Japan
andrey_efremov,585th,2149,2149, , Russia
EvgeniSergeev,586th,2148,2264, , Australia
kczno1,587th,2147,2147, , China
mikecat,588th,2146,2146,mikecat_mixc, Japan
shimomire,589th,2143,2143,shimomire, Japan
Enchom,590th,2140,2140, , Bulgaria
satja,591st,2138,2138, , Croatia
akulsareen,592nd,2137,2175, , India
jh05013,593rd,2136,2136,jhznktrk, Republic of Korea
praran26,594th,2135,2135, , India
george_s,594th,2135,2135, , Russia
v_haralampiev,596th,2134,2188, , Bulgaria
lzw4896s,596th,2134,2134, , China
sheyasutaka,598th,2132,2142,hirakich1310354, Japan
JKS,599th,2130,2130, , Poland
Morass,599th,2130,2130, , Czech Republic
I3MNIX,601st,2129,2195, , Australia
cicada,602nd,2128,2128, , China
rubabredwan,603rd,2127,2199,rubabredwan, Bangladesh
ctyl,603rd,2127,2254,ctyl_0, Japan
TearsFreeze,605th,2126,2126, , China
piob,605th,2126,2126, , Poland
nikgaevoy,607th,2125,2192, , Russia
bigelephant29,607th,2125,2156, , Taiwan
naoki2016,609th,2124,2159,naoki_2016, Japan
xzkkjm_,610th,2122,2122, , China
cjtoribio,610th,2122,2122, , Dominican Republic
qoo2p5,612nd,2121,2121, , Russia
Ajatar,612nd,2121,2121, , China
grphil,612nd,2121,2121, , Russia
rxdoi,612nd,2121,2121, , China
Dream_Reality,616th,2120,2133, , China
imcoding,616th,2120,2131, , China
wdyhy,618th,2118,2123,wu, China
AlexeyEnkov,619th,2117,2117, , Russia
hey_boris,620th,2116,2116, , Russia
konjo,620th,2116,2225,konjo_p, Japan
goldgenius,622nd,2114,2114, , China
Trumen,623rd,2113,2113, , Ukraine
ynymxiaolongbao,624th,2111,2111,Segtree, Japan
Shayan_Jahan,625th,2109,2109, , Iran
a2stnk,626th,2107,2188, , Japan
fetetriste,627th,2106,2431, , Russia
qnighy,628th,2105,2118,qnighy, Japan
nqiiii,629th,2104,2104, , China
Vax,629th,2104,2148, , Poland
shayanp,631st,2101,2101, , Iran
femsub,631st,2101,2101, , China
Darsein,631st,2101,2124,Darsein, Japan
namelessmonster,634th,2098,2133, , India
threepipes_s,635th,2097,2104,threepipes_s, Japan
nai,635th,2097,2353,nai__70, Japan
omochana2,637th,2096,2096,omochanal, Japan
alei,638th,2095,2117, , Peru
krey,639th,2093,2093, , Poland
khokho,639th,2093,2133, , Georgia
RAVEman,639th,2093,2093, , Ukraine
hamidreza,642nd,2092,2108, , Iran
kotamanegi,642nd,2092,2157,small_onions, Japan
June_boy,644th,2091,2091,Euglenese, Japan
zhou8888,645th,2090,2090, , China
Jeffrey,646th,2088,2088, , Taiwan
Hasan0540,647th,2087,2214, , Jordan
Dariusicaa,648th,2084,2084, , Romania
BSBandme,648th,2084,2084, , China
ordyh,650th,2083,2083, , Poland
FF256grhy,651st,2079,2094,FF256grhy, Japan
imulan,651st,2079,2163,__imulan__, Japan
oyas,651st,2079,2091,oyas83, Japan
clatisus,654th,2078,2131, , China
Nicolas16,655th,2077,2077, , Belgium
boook,655th,2077,2077, , Taiwan
tonnugo,655th,2077,2219, , Russia
xxkiritoxx,658th,2075,2075,unko08658932, Japan
IanWong,658th,2075,2075, , Hong Kong
hs484,658th,2075,2170,hs484jp, Japan
Nerevar,661st,2072,2072, , Russia
johnathan79717,661st,2072,2072, , Taiwan
paruki,661st,2072,2073, , Japan
alex99,664th,2070,2075, , Romania
leaf1415,665th,2069,2114, , Japan
Sakits,665th,2069,2069, , China
xc01,665th,2069,2069, , China
meeeep,668th,2068,2252, , Singapore
GGOSinon,669th,2065,2065, , Republic of Korea
wzporz,670th,2064,2064, , China
altruist_,670th,2064,2175, , Belarus
Marco_L_Tsien,670th,2064,2211, , China
george_stelian,670th,2064,2064, , Romania
kevinsogo,674th,2063,2063, , Philippines
zjo_2001,675th,2061,2061, , China
IO2I839,675th,2061,2061, , Australia
Andres_Unt,677th,2060,2239, , Estonia
polingy,677th,2060,2067, , India
hiro116s,679th,2058,2331, , Japan
iwashi31,680th,2057,2072,iwashi31, Japan
Mstdream,681st,2056,2056, , China
nebukuro09,682nd,2055,2177,nebukuro09, Japan
viliml,682nd,2055,2055, , Croatia
startcpp,684th,2054,2124, , Japan
assy,685th,2053,2122,assy1028, Japan
whzzt,686th,2052,2052, , China
nokoTaro,686th,2052,2124,xthexworldx, Japan
only_hard,688th,2049,2049, , China
shiatsumat,688th,2049,2049,shiatsumat, Japan
rehu,690th,2048,2048, , Japan
reek,691st,2046,2046, , China
Yehezkiel,691st,2046,2132, , Indonesia
rapurasu,691st,2046,2120, , Japan
Ow1,691st,2046,2046, , Taiwan
tempura0224,695th,2045,2045,tempura_pp, Japan
kurowassann,695th,2045,2159,kurowassann621, Japan
cos,697th,2043,2065,cos65535, Japan
machy,698th,2042,2042,machy, Japan
Rzepa,699th,2040,2040, , Poland
chentong,699th,2040,2094, , China
sillycross,699th,2040,2069, , United States of America
kadalbonek,699th,2040,2040,luqmanarifiin, Indonesia
kazunetakahashi,699th,2040,2153,kazunetakahashi, Japan
bomi,704th,2038,2038, , Poland
flyrise,704th,2038,2076, , Russia
fengsuiyan,704th,2038,2081, , China
komendart,707th,2037,2037, , Russia
jiangshibiao,708th,2036,2036, , China
okaduki,708th,2036,2189,okaduki, Japan
primenumber,708th,2036,2138,_primenumber, Japan
ion,711st,2034,2060,ionicbond3, China
ec24,711st,2034,2086, , Argentina
valkyrie,713rd,2032,2032, , Croatia
Amberframe,714th,2030,2030, , China
segorov,714th,2030,2030,segorov228, Russia
Hometown,716th,2029,2029, , China
abc050,716th,2029,2153,htnglsh, Japan
Meple,718th,2028,2028, , China
zawedx,718th,2028,2028, , China
Nitemare,718th,2028,2028, , Turkey
Yoshioka,718th,2028,2079, , Japan
eukaryo,722nd,2027,2205,eukaryo, Japan
yupotown,723rd,2026,2072,yupotown, Japan
liuzhangfeiabc,724th,2025,2030, , China
manoprenko,724th,2025,2025, , Russia
platypus179,724th,2025,2030, , Russia
pulgares,727th,2024,2033, , Venezuela
Ryosuke839,728th,2023,2067,Ryosuke839, Japan
robinliu,729th,2022,2039, , China
eartemov,730th,2021,2068, , Russia
femto16,730th,2021,2241,femto16, Japan
kuchumov,732nd,2020,2020, , Russia
sidhant,732nd,2020,2031, , India
Zsnuo,734th,2019,2019, , China
demidenko,734th,2019,2019,bizonelder, Russia
spentplaying,734th,2019,2019, , Taiwan
minaminao,737th,2018,2053,vinami, Japan
cheater2k,738th,2017,2017, , Viet Nam
hitonanode,739th,2016,2016, , Japan
ZhNV,739th,2016,2022, , Russia
onion_cyc,741st,2015,2129, , China
lyoz,741st,2015,2140,lyoz, Japan
a616156,743rd,2014,2014, , Zimbabwe
patrikpavic2,744th,2013,2013, , Croatia
kiiiiii,744th,2013,2051, , China
darnley,744th,2013,2013,mikhail_dvorkin, Russia
fedosik,744th,2013,2013, , Belarus
shiratty8,744th,2013,2066,shisashi, Japan
sergiovieri,749th,2012,2012, , Indonesia
fuppy0716,750th,2011,2011,fuppy_kyopro, Japan
rantd,750th,2011,2106,_rantd_, Viet Nam
hawkomg,752nd,2009,2009, , China
kenimo,752nd,2009,2009,ominek, Japan
bluefo,754th,2008,2008, , China
physics0523,754th,2008,2008,butsurizuki, Japan
kenkoooo,754th,2008,2091,kenkoooo, Japan
johntitor,757th,2007,2007, , Viet Nam
chb1975,757th,2007,2007, , Hong Kong
ShichengXiao,759th,2002,2038, , China
inmir,759th,2002,2065,inmir_, Japan
BigBag,759th,2002,2002, , Ukraine
h_noson,759th,2002,2068,h_noson, Japan
VladaMG98,763rd,2001,2001, , Serbia
afaji321,763rd,2001,2001, , Indonesia
sjj118,763rd,2001,2001, , China
conf,763rd,2001,2045,confused_uec, Japan
YuukiAsuna,767th,2000,2000, , Japan
lis_follower,767th,2000,2000, , China
